{
  "Россия, Москва, восток 1":         "Russia, Moscow, East 1",
  "Россия, Москва, восток 2":         "Russia, Moscow, East 2",
  "Россия, Москва, восток 3":         "Russia, Moscow, East 3",
  "Россия, Москва, восток 4":         "Russia, Moscow, East 4",
  "Россия, Москва, запад 1":          "Russia, Moscow, West 1",
  "Россия, Москва, запад 2":          "Russia, Moscow, West 2",
  "Россия, Москва, запад 3":          "Russia, Moscow, West 3",
  "Россия, Москва, запад 4":          "Russia, Moscow, West 4",
  "Россия, Москва, запад 5":          "Russia, Moscow, West 5",
  "Россия, Москва, северо-восток 1":  "Russia, Moscow, North-East 1",
  "Россия, Москва, северо-восток 2":  "Russia, Moscow, North-East 2",
  "Россия, Москва, северо-запад":     "Russia, Moscow, North-West",
  "Россия, Москва, север 1":          "Russia, Moscow, North 1",
  "Россия, Москва, север 2":          "Russia, Moscow, North 2",
  "Россия, Москва, север 3":          "Russia, Moscow, North 3",
  "Россия, Москва, центр 1":          "Russia, Moscow, Center 1",
  "Россия, Москва, центр 3":          "Russia, Moscow, Center 3",
  "Россия, Москва, центр 4":          "Russia, Moscow, Center 4",
  "Россия, Москва, юго-восток 1":     "Russia, Moscow, South-East 1",
  "Россия, Москва, юго-восток 2":     "Russia, Moscow, South-East 2",
  "Россия, Москва, юго-восток 3":     "Russia, Moscow, South-East 3",
  "Россия, Москва, юго-запад 1":      "Russia, Moscow, South-West 1",
  "Россия, Москва, юго-запад 2":      "Russia, Moscow, South-West 2",
  "Россия, Москва, юго-запад 3":      "Russia, Moscow, South-West 3",
  "Россия, Москва, юг 1":             "Russia, Moscow, South 1",
  "Россия, Москва, юг 2":             "Russia, Moscow, South 2",
  "Россия, Москва, юг 3":             "Russia, Moscow, South 3",
  "Россия, Владивосток":              "Russia, Vladivostok",
  "Россия, Владимир":                 "Russia, Vladimir",
  "Россия, Вольно-Надеждинское":      "Russia, Volno-Nadezhdinskoye",
  "Россия, Воронеж, восток":          "Russia, Voronezh, East",
  "Россия, Воронеж, запад":           "Russia, Voronezh, West",
  "Россия, Дубровка":                 "Russia, Dubrovka",
  "Россия, Евпатория":                "Russia, Yevpatoria",
  "Россия, Екатеринбург, восток":     "Russia, Yekaterinburg, East",
  "Россия, Екатеринбург, север":      "Russia, Yekaterinburg, North",
  "Россия, Екатеринбург, центр":      "Russia, Yekaterinburg, Center",
  "Россия, Иркутск":                  "Russia, Irkutsk",
  "Россия, Казань":                   "Russia, Kazan",
  "Россия, Калининград 1":            "Russia, Kaliningrad 1",
  "Россия, Калининград 2":            "Russia, Kaliningrad 2",
  "Россия, Кемерово":                 "Russia, Kemerovo",
  "Россия, Королёв":                  "Russia, Korolyov",
  "Россия, Краснодар, север":         "Russia, Krasnodar, North",
  "Россия, Краснодар, юг":            "Russia, Krasnodar, South",
  "Россия, Красноярск":               "Russia, Krasnoyarsk",
  "Россия, Нижний Новгород":          "Russia, Nizhny Novgorod",
  "Россия, Новокузнецк":              "Russia, Novokuznetsk",
  "Россия, Новосибирск, север":       "Russia, Novosibirsk, North",
  "Россия, Новосибирск, юг":          "Russia, Novosibirsk, South",
  "Россия, Омск":                     "Russia, Omsk",
  "Россия, Пермь":                    "Russia, Perm",
  "Россия, Петрозаводск":             "Russia, Petrozavodsk",
  "Россия, Ростов-на-Дону":           "Russia, Rostov-on-Don",
  "Россия, Санкт-Петербург, восток":  "Russia, Saint Petersburg, East",
  "Россия, Санкт-Петербург, север":   "Russia, Saint Petersburg, North",
  "Россия, Санкт-Петербург, центр 1": "Russia, Saint Petersburg, Center 1",
  "Россия, Санкт-Петербург, центр 2": "Russia, Saint Petersburg, Center 2",
  "Россия, Санкт-Петербург, центр 3": "Russia, Saint Petersburg, Center 3",
  "Россия, Санкт-Петербург, юг":      "Russia, Saint Petersburg, South",
  "Россия, Саратов":                  "Russia, Saratov",
  "Россия, Северск":                  "Russia, Seversk",
  "Россия, Симферополь":              "Russia, Simferopol",
  "Россия, Тамбов":                   "Russia, Tambov",
  "Россия, Томск, восток":            "Russia, Tomsk, East",
  "Россия, Томск, центр":             "Russia, Tomsk, Center",
  "Россия, Уфа":                      "Russia, Ufa",
  "Россия, Хабаровск":                "Russia, Khabarovsk",
  "Россия, Химки":                    "Russia, Khimki",
  "Россия, Челябинск":                "Russia, Chelyabinsk",
  "Россия, Челябинск 1":              "Russia, Chelyabinsk 1",
  "Россия, Челябинск 2":              "Russia, Chelyabinsk 2",
  "Россия, Южно-Сахалинск":           "Russia, Yuzhno-Sakhalinsk",
  "Россия, Ярославль":                "Russia, Yaroslavl",
  "Австралия, Сидней":                "Australia, Sydney",
  "Австрия, Вена":                    "Austria, Vienna",
  "Азербайджан, Баку":                "Azerbaijan, Baku",
  "Армения, Абовян":                  "Armenia, Abovyan",
  "Белоруссия, Гомель":               "Belarus, Gomel",
  "Белоруссия, Минск":                "Belarus, Minsk",
  "Болгария, София":                  "Bulgaria, Sofia",
  "Бразилия, Сан-Паулу":              "Brazil, Sao Paulo",
  "Великобритания, Лондон":           "United Kingdom, London",
  "Великобритания, Хэмпшир":          "United Kingdom, Hampshire",
  "Вьетнам, Ханой":                   "Vietnam, Hanoi",
  "Германия, Дюссельдорф":            "Germany, Dusseldorf",
  "Германия, Мюнхен":                 "Germany, Munich",
  "Германия, Нюрнберг":               "Germany, Nuremberg",
  "Германия, Фалькенштайн":           "Germany, Falkenstein",
  "Германия, Франкфурт-на-Майне":     "Germany, Frankfurt am Main",
  "Германия, Эрфурт":                 "Germany, Erfurt",
  "Гонконг":                          "Hong Kong",
  "Греция, Салоники":                 "Greece, Thessaloniki",
  "Грузия, Тбилиси":                  "Georgia, Tbilisi",
  "Дания, Копенгаген":                "Denmark, Copenhagen",
  "Египет, Каир":                     "Egypt, Cairo",
  "Израиль, Тель-Авив":               "Israel, Tel Aviv",
  "Индия, Бангалор":                  "India, Bangalore",
  "Иран, Тегеран":                    "Iran, Tehran",
  "Ирландия, Дублин":                 "Ireland, Dublin",
  "Испания, Мадрид":                  "Spain, Madrid",
  "Италия, Ареццо":                   "Italy, Arezzo",
  "Италия, Милан":                    "Italy, Milan",
  "Казахстан, Актау":                 "Kazakhstan, Aktau",
  "Казахстан, Алатау":                "Kazakhstan, Alatau",
  "Казахстан, Алматы, восток 1":      "Kazakhstan, Almaty, East 1",
  "Казахстан, Алматы, восток 2":      "Kazakhstan, Almaty, East 2",
  "Казахстан, Астана":                "Kazakhstan, Astana",
  "Казахстан, Караганда":             "Kazakhstan, Karaganda",
  "Казахстан, Павлодар":              "Kazakhstan, Pavlodar",
  "Канада, Боарнуа":                  "Canada, Beauharnois",
  "Канада, Ванкувер":                 "Canada, Vancouver",
  "Канада, Монреаль":                 "Canada, Montreal",
  "Канада, Торонто":                  "Canada, Toronto",
  "Кипр, Лимассол":                   "Cyprus, Limassol",
  "Киргизия, Бишкек 1":               "Kyrgyzstan, Bishkek 1",
  "Киргизия, Бишкек 2":               "Kyrgyzstan, Bishkek 2",
  "Китай, Нанкин":                    "China, Nanjing",
  "Колумбия, Богота":                 "Colombia, Bogota",
  "Латвия, Рига":                     "Latvia, Riga",
  "Литва, Вильнюс":                   "Lithuania, Vilnius",
  "Люксембург, Штейнсель":            "Luxembourg, Steinsel",
  "Малайзия, Куала-Лумпур":           "Malaysia, Kuala Lumpur",
  "Мексика, Пуэбла":                  "Mexico, Puebla",
  "Молдавия, Кишинёв":                "Moldova, Chisinau",
  "Нигерия, Лагос":                   "Nigeria, Lagos",
  "Нидерланды, Mеппел":               "Netherlands, Meppel",
  "Нидерланды, Амстердам, юго-запад": "Netherlands, Amsterdam, Southwest",
  "Нидерланды, Амстердам, юг 1":      "Netherlands, Amsterdam, South 1",
  "Нидерланды, Дутинхем":             "Netherlands, Doetinchem",
  "Нидерланды, Налдвейк":             "Netherlands, Naaldwijk",
  "Новая Зеландия, Окленд":           "New Zealand, Auckland",
  "Норвегия, Сандефьорд":             "Norway, Sandefjord",
  "ОАЭ, Фуджайра":                    "UAE, Fujairah",
  "Польша, Варшава":                  "Poland, Warsaw",
  "Польша, Гданьск":                  "Poland, Gdansk",
  "Португалия, Порту":                "Portugal, Porto",
  "Румыния, Бухарест":                "Romania, Bucharest",
  "Сербия, Белград":                  "Serbia, Belgrade",
  "Сингапур":                         "Singapore",
  "Словакия, Братислава":             "Slovakia, Bratislava",
  "США, Аризона, Финикс":             "USA, Arizona, Phoenix",
  "США, Вашингтон, Сиэтл":            "USA, Washington, Seattle",
  "США, Виргиния, Ашберн":            "USA, Virginia, Ashburn",
  "США, Джорджия, Атланта, север":    "USA, Georgia, Atlanta, North",
  "США, Джорджия, Атланта, юг":       "USA, Georgia, Atlanta, South",
  "США, Иллинойс, Чикаго":            "USA, Illinois, Chicago",
  "США, Калифония, Санта Клара":      "USA, California, Santa Clara",
  "США, Калифорния, Лос-Анджелес 1":  "USA, California, Los Angeles 1",
  "США, Калифорния, Лос-Анджелес 2":  "USA, California, Los Angeles 2",
  "США, Миссури, Канзас-Сити":        "USA, Missouri, Kansas City",
  "США, Невада, Лас-Вегас":           "USA, Nevada, Las Vegas",
  "США, Нью-Джерси, Клифтон":         "USA, New Jersey, Clifton",
  "США, Нью-Йорк, Гарден Сити":       "USA, New York, Garden City",
  "США, Нью-Йорк, Статен-Айленд":     "USA, New York, Staten Island",
  "США, Орегон, Бенд":                "USA, Oregon, Bend",
  "США, Техас, Даллас":               "USA, Texas, Dallas",
  "США, Флорида, Майами":             "USA, Florida, Miami",
  "США, Флорида, Тампа":              "USA, Florida, Tampa",
  "Тайвань, Тайбэй":                  "Taiwan, Taipei",
  "Турция, Измир":                    "Turkey, Izmir",
  "Турция, Стамбул":                  "Turkey, Istanbul",
  "Узбекистан, Ташкент":              "Uzbekistan, Tashkent",
  "Украина, Винница, запад":          "Ukraine, Vinnytsia, West",
  "Украина, Винница, центр":          "Ukraine, Vinnytsia, Center",
  "Украина, Днепр":                   "Ukraine, Dnipro",
  "Украина, Киев, запад":             "Ukraine, Kyiv, West",
  "Украина, Киев, центр":             "Ukraine, Kyiv, Center",
  "Украина, Киев, центр 2":             "Ukraine, Kyiv, Center",
  "Украина, Киев, юг":                "Ukraine, Kyiv, South",
  "Украина, Киев, юго-восток":        "Ukraine, Kyiv, Southeast",
  "Украина, Николаев":                "Ukraine, Mykolaiv",
  "Украина, Одесса, восток":          "Ukraine, Odesa, East",
  "Украина, Харьков, север":          "Ukraine, Kharkiv, North",
  "Украина, Харьков, юг":             "Ukraine, Kharkiv, South",
  "Украина, Хмельницкий":             "Ukraine, Khmelnytskyi",
  "Финляндия, Хельсинки":             "Finland, Helsinki",
  "Франция, Гравлин":                 "France, Gravelines",
  "Франция, Париж":                   "France, Paris",
  "Франция, Рубе":                    "France, Roubaix",
  "Франция, Страсбург, север":        "France, Strasbourg, North",
  "Франция, Страсбург, юг":           "France, Strasbourg, South",
  "Чехия, Прага":                     "Czech Republic, Prague",
  "Чили, Курико":                     "Chile, Curico",
  "Швейцария, Хюненберг":             "Switzerland, Hunenberg",
  "Швеция, Стокгольм":                "Sweden, Stockholm",
  "Эстония, Нарва":                   "Estonia, Narva",
  "ЮАР, Йоханнесбург":                "South Africa, Johannesburg",
  "Южная Корея, Сеул":                "South Korea, Seoul",
  "Япония, Токио":                    "Japan, Tokyo"
}